dataset,method,Avg_PSNR,Avg_SSIM,Avg_Time,N
HZ-900,H-EDCP-B,18.2532624997033,0.8204989109613205,0.07956137477750114,900
HZ-900,H-EDCP-C,18.151339220470852,0.8197479188661723,0.07955732433219155,900
HZ-900,H-EDCP-C-GC,18.110603167215984,0.8184588118545475,0.07966510555551698,900
