dataset,method,Avg_PSNR,Avg_SSIM,Avg_Time,N
RR,H-EDCP-A,14.569694653937692,0.4280725884694658,0.01570824375008478,304
RR,H-EDCP-B-GC,15.145953474860443,0.442948654117647,0.015491685855522519,304
RR,H-EDCP-C-AGC,14.734174932304182,0.371221763685959,0.015423738157072589,304
RR,H-EDCP-C-GC,15.194624960422516,0.43073170167704744,0.015168836513590864,304
