model,accuracy,f1,cv_f1_mean,cv_f1_std
LogReg,0.6666666666666666,0.6882716049382716,0.4794978393034809,0.181741196546158
DecisionTree,0.5555555555555556,0.554320987654321,0.507884089465031,0.19673211635139976
RandomForest,0.5555555555555556,0.5434303350970018,0.5827920227920227,0.15735139487216498
AdaBoost,0.5555555555555556,0.5408331682841486,0.4545146443571534,0.09876806945583537
