cv_f1_mean,cv_f1_std,full_f1
0.5827920227920227,0.15735139487216498,0.9109141080988715
