Feature_Group,CV_F1_Mean,CV_F1_Std,ΔF1_vs_Best
Contrast,0.5655866852144203,0.15636571895341492,-0.03362111718178784
Entropy,0.5992078023962082,0.15799647543843767,0.0
Retinex,0.5770887816781536,0.1702638314605568,-0.022119020718054605
Frequency,0.5916412537185483,0.17195202830190123,-0.0075665486776599344
Edge/Geometry,0.5721196431322664,0.14375599230954636,-0.027088159263941813
Haze-specific,0.5674387680667874,0.16616761128412236,-0.0317690343294208
