dataset,method,Avg_PSNR,Avg_SSIM,Avg_Time,N
HZ-135,H-EDCP-A,20.182940709149396,0.8629776390256197,0.09329067629555034,135
HZ-135,H-EDCP-B-GC,20.416616015964085,0.8665778910470855,0.09334651037050343,135
HZ-135,H-EDCP-C-AGC,20.08743387858073,0.8676504090737697,0.09240685481388398,135
HZ-135,H-EDCP-C-GC,20.401576388323747,0.8706533235091365,0.0930008681469459,135
