dataset,method,Avg_PSNR,Avg_SSIM,Avg_Time,N
HZ-900,H-EDCP-A,18.233445828755695,0.8063375362754834,0.08732509566606798,900
HZ-900,H-EDCP-B-GC,18.254551453060575,0.8068795921089225,0.08533025333382992,900
HZ-900,H-EDCP-C-AGC,17.67863471455044,0.7958595800011546,0.0850821073328714,900
HZ-900,H-EDCP-C-GC,18.110603167215984,0.8055009867657452,0.08518839011198401,900
